Achilles Tang,Purple Tang,1
Purple Tang,Chevron Tang,2
Purple Tang,Powder Blue Tang,2
Purple Tang,Lyretail anthias,1
Purple Tang,Rabbit Fish,1
Purple Tang,Emperor Angelfish,5
Purple Tang,Foxface Rabbitfish,3
Purple Tang,Harlequin tuskfish,2
Purple Tang,Maroon Clownfish,13
Purple Tang,Atlantic Bluet,4
Purple Tang,Christmas wrasse,1
Afghan Tortoise,Markhor,1
Markhor,Paradise Tree Snake,1
African Clawed Frog,Zebrafish,1
African Clawed Frog,Rainbow shark,1
African Clawed Frog,Honey Bush,1
African Clawed Frog,Goldfish ,1
Zebrafish,Goldfish ,1
Zebrafish,Paradise fish ,1
Zebrafish,Yellow Zebra,1
Rainbow shark,Goldfish ,1
Rainbow shark,panda,1
Rainbow shark,Pearl Gourami,1
Rainbow shark,Tiger Barb,5
Rainbow shark,Red Tailed Shark,1
Rainbow shark,Bala Shark,1
Rainbow shark,Dwarf Rainbowfish,1
Rainbow shark,Red Fin Shark,2
Rainbow shark,Red Zebra,1
Goldfish ,Takin,1
Goldfish ,Alligator Gar,5
Goldfish ,Gator,2
Goldfish ,Clown knifefish,1
Goldfish ,Topi,1
Goldfish ,Dwarf Caiman,2
Goldfish ,Osprey,1
Goldfish ,Beardie,1
Goldfish ,Haha,1
Goldfish ,Vermillion,5
Goldfish ,Orca,2
Goldfish ,black fish,1
Goldfish ,panda,5
Goldfish ,Siamese Fighting Fish,1
Goldfish ,Pink Rose,1
Goldfish ,Black Swan,1
Goldfish ,Shellfish,1
Goldfish ,Pecan,1
Goldfish ,Rose Wood,6
Goldfish ,Brownfish,1
Goldfish ,Water Lettuce,2
Goldfish ,Jack Dempsey,3
Goldfish ,Congo Tetra,1
Goldfish ,Cuban Treefrog,1
Goldfish ,Damsel Fish,1
Goldfish ,Weather loach,1
Goldfish ,Lexa,1
Goldfish ,Mangrove Jack,1
Goldfish ,Joey,1
Goldfish ,Flowerfish,2
Goldfish ,Tiger Barb,2
Goldfish ,Pepperidge,24
Goldfish ,Salom,1
Goldfish ,House Mouse,1
Goldfish ,Porky,1
Goldfish ,Blue Whale,1
Goldfish ,Kingy,10
Goldfish ,Red Cherry,1
Goldfish ,Rosy Barb,1
Goldfish ,Silver Moony,1
Goldfish ,Walo,1
Goldfish ,Pinkfish,7
Goldfish ,Hen Harrier,1
Goldfish ,Ounce,1
Goldfish ,Herron,1
Goldfish ,Round Goby,1
Goldfish ,Mud Snail,1
Goldfish ,Nosefish,1
Goldfish ,Rusty Crayfish,1
Goldfish ,Tench,7
African Spurred Tortoise,Leopard Tortoise,4
African Spurred Tortoise,Elongated Tortoise,2
African Spurred Tortoise,Savannah Monitor,1
African Spurred Tortoise,Takin,2
African Spurred Tortoise,Aldabra Giant Tortoise,1
African Spurred Tortoise,Alligator Snapping Turtle,1
African Spurred Tortoise,Indian Star Tortoise,1
Leopard Tortoise,Aldabra Giant Tortoise,1
Leopard Tortoise,Indian Star Tortoise,1
Leopard Tortoise,Haha,11
Leopard Tortoise,Geckos,2
Leopard Tortoise,Corn Snake,1
Leopard Tortoise,Uku,2
Leopard Tortoise,Gopher Tortoise,1
Leopard Tortoise,Radiated Tortoise,1
Leopard Tortoise,Greek Tortoise,2
Leopard Tortoise,Eastern Box Turtle,1
Leopard Tortoise,Egyptian Vulture,1
Savannah Monitor,Beardie,1
Savannah Monitor,Veiled Chameleon,1
Takin,Goblin Shark,1
Takin,Dovetail,1
Takin,Beardie,4
Takin,black fish,1
Takin,Boxelder,1
Takin,Channeled Applesnail,1
Takin,Pickling,1
Takin,Dung Beetle,1
Takin,Mugger,1
Takin,Herron,1
Takin,Jumping Bean,2
Takin,Mattie,20
Takin,Red Herring,1
Alligator Snapping Turtle,Alligator Gar,4
Indian Star Tortoise,Greek Tortoise,2
Alligator Gar,Arapaima,22
Alligator Gar,Gator,2
Alligator Gar,American Crocodile,1
Alligator Gar,Kinkajou,1
Alligator Gar,Mekong catfish,1
Alligator Gar,Red Fish,19
Alligator Gar,Halloween Pennant,1
Alligator Gar,Clown knifefish,1
Alligator Gar,Nightfish,1
Alligator Gar,Diamondback Terrapin,1
Alligator Gar,Longnose Gar,2
Alligator Gar,Largemouth Bass,6
Alligator Gar,Bighead Carp ,1
Alligator Gar,Electric eel,2
Alligator Gar,Pig Frog,1
Alligator Gar,Florida Gar,2
Alligator Gar,Blue Catfish,2
Alligator Gar,Smallmouth Bass,6
Alligator Gar,Redear Sunfish,1
Alligator Gar,Pirarucu,1
Alligator Gar,Goblin Shark,1
Alligator Gar,Hellbender,1
Alligator Gar,Smallmouth Buffalo,1
Alligator Gar,Needlenose,3
Alligator Gar,Giant Gourami,1
Alligator Gar,Swampfish,1
Alligator Gar,Shortnose Gar,1
Alligator Gar,Giant Snakehead,1
Alligator Gar,Dog fish,1
Alligator Gar,Arrow Head,1
Alligator Gar,Kaluga,1
Alligator Gar,Red snapper,1
Alligator Gar,Bowfin,1
Alligator Gar,Bull Shark,2
Arapaima,Mekong catfish,3
Arapaima,Black Caiman,1
Arapaima,Mekong Giant Catfish,3
Gator,American Crocodile,8
Gator,Largemouth Bass,3
Gator,Bull Shark,1
Gator,American Alligator,223
Gator,Nile Crocodile,33
Gator,Flip Flop,1
Gator,Saw Grass,3
Gator,Bald Eagle,1
Gator,Godbless,3
Gator,King Cobra,2
Gator,Great Blue Heron,1
Gator,Dwarf Caiman,2
Gator,Choppers,1
Gator,Osprey,3
Gator,Blue Fish,3
Gator,Walleye,1
Gator,Polar Bear,5
Gator,Mahimahi,1
Gator,Wildcat,7
Gator,Marri,1
Gator,Mountain Lion,3
Gator,Beardie,2
Gator,Haha,6
Gator,Gila Monster,1
Gator,Ball Python,1
Gator,Koala,1
Gator,Walrus,2
Gator,Uku,2
Gator,Yellowfin Tuna,1
Gator,Merlin,1
Gator,Spectacled Caiman,2
Gator,Yellow Jack,1
Gator,Narwhal,1
Gator,Brown Trout,1
Gator,panda,2
Gator,Redwing,3
Gator,Bluebolt,91
Gator,Cheetah,1
Gator,Bobcat,2
Gator,Bullrush,1
Gator,Rook,1
Gator,Royal Gramma,1
Gator,Hitch,1
Gator,Wolffish,1
Gator,Joey,1
Gator,Tigerwood,1
Gator,Freshie,3
Gator,Razorbacks,1
Gator,Nutria,2
Gator,Archbishop,1
Gator,Gunner,2
Gator,Golf ball,1
Gator,Sandhill Crane,1
Gator,African Wild Dog,1
Gator,Black Widow,1
Gator,Anhinga,2
Gator,Snit,2
Gator,Merrit,2
Gator,Mud Bug,1
Gator,American Coot,1
Gator,Mugger,1
Gator,Inspector,2
Gator,Macadamia Nut,1
Gator,Tonka,1
Gator,Herron,2
Gator,Mattie,1
Gator,Rees' Squid,1
Gator,Siamese Crocodile,1
Gator,Yacaré,1
Gator,Yellow Rat Snake,1
American Crocodile,Bull Shark,1
American Crocodile,American Alligator,8
American Crocodile,Nile Crocodile,1
American Crocodile,Osprey,1
American Crocodile,Delmarva Fox Squirrel,1
American Crocodile,Wolverine,5
American Crocodile,Orinoco Crocodile,1
American Crocodile,Morelet's Crocodile,2
Mekong catfish,Largemouth Bass,1
Mekong catfish,Striped Catfish,4
Mekong catfish,Mekong Giant Catfish,3
Red Fish,Sockeye Salmon,2
Red Fish,Mahimahi,17
Red Fish,Yellowfin Tuna,4
Red Fish,Blackfin Tuna,1
Red Fish,Billfish,6
Red Fish,Mahi-mahi,1
Red Fish,Blue Runner,1
Red Fish,Wolffish,1
Red Fish,Pinkfish,5
Red Fish,Red Herring,1
Red Fish,Scup,1
Clown knifefish,Longnose Gar,1
Clown knifefish,Largemouth Bass,14
Clown knifefish,Electric eel,2
Clown knifefish,Chital,5
Clown knifefish,Jack Dempsey,3
Clown knifefish,White Bass,1
Clown knifefish,Striped Bass,2
Nightfish,Bigeye Trevally,1
Nightfish,White Bass,3
Nightfish,Riverbream,1
Nightfish,Tench,2
Diamondback Terrapin,American Alligator,1
Diamondback Terrapin,Atlantic Salmon,1
Diamondback Terrapin,Willet,1
Diamondback Terrapin,Basking Shark,1
Diamondback Terrapin,Radiated Tortoise,1
Diamondback Terrapin,New England Cottontail,1
Diamondback Terrapin,Stinkpot,1
Diamondback Terrapin,American Toad,1
Largemouth Bass,black fish,11
Largemouth Bass,Brownfish,1
Largemouth Bass,White Bass,16
Largemouth Bass,Freshie,1
Largemouth Bass,Hampala Barb,1
Largemouth Bass,Mayan Cichlid,2
Largemouth Bass,Roanoke Bass,1
Largemouth Bass,Scup,1
Bighead Carp ,Catla ,1
Bighead Carp ,Black carp,1
Bighead Carp ,Common Carp,2
Electric eel,Black Caiman,1
Electric eel,Flip Flop,1
Electric eel,Godbless,1
Electric eel,King Cobra,1
Electric eel,Whale Shark,1
Electric eel,Polka Dot,1
Electric eel,Ball Python,2
Electric eel,Sugar Glider,1
Electric eel,Orca,3
Electric eel,black fish,1
Electric eel,Yellow Pea,1
Electric eel,Black Swan,1
Electric eel,Angler fish,2
Electric eel,Tiger fish,1
Electric eel,Mud skipper,1
Electric eel,Slender Snipe Eel,1
Electric eel,Wolffish,1
Electric eel,Pink Dolphin,1
Electric eel,Firecoral,1
Electric eel,White lotus,1
Blue Catfish,White Bass,1
Smallmouth Bass,Brownfish,29
Smallmouth Bass,White Bass,14
Smallmouth Bass,Round Goby,2
Redear Sunfish,Sacramento Sucker,1
Pirarucu,American Alligator,1
Goblin Shark,Bull Shark,3
Goblin Shark,Whale Shark,1
Goblin Shark,Blue Shark,1
Goblin Shark,Narwhal,1
Goblin Shark,Redwing,1
Goblin Shark,Great White Shark,4
Goblin Shark,Angler fish,3
Goblin Shark,Wolffish,1
Goblin Shark,Leopard Shark,1
Goblin Shark,Slingshot,1
Goblin Shark,Ghost Shark,8
Goblin Shark,Lost Shark,1
Goblin Shark,Sarcastic Fringehead,1
Goblin Shark,Ninja Lanternshark,1
Goblin Shark,Aye-aye,7
Goblin Shark,Deepsea Dragonfish,1
Goblin Shark,Sea Pig,2
Goblin Shark,Greenland Shark,2
Goblin Shark,Tasselled Wobbegong,1
Goblin Shark,Megamouth Shark,4
Goblin Shark,Glaucus,1
Hellbender,West Indian Manatee,1
Dog fish,Mahimahi,1
Dog fish,Nursehound,1
Dog fish,Green Flash,7
Dog fish,Wolffish,2
Dog fish,Lesser Spotted Dogfish,3
Dog fish,Porbeagle,1
Dog fish,Scup,2
Arrow Head,Aurochs,1
Arrow Head,Pickerel Weed,1
Kaluga,Bowfin,1
Kaluga,Saola,2
Red snapper,Red Salmon,1
Red snapper,Sockeye Salmon,1
Red snapper,Mahimahi,32
Red snapper,Beeliner,1
Red snapper,Bigeye Tuna,3
Red snapper,Yellowfin Tuna,61
Red snapper,Blackfin Tuna,8
Red snapper,Red Sea Bream,1
Red snapper,Blue Runner,3
Red snapper,European seabass,1
Red snapper,Golden-red Snapper,1
Red snapper,Madai,4
Red snapper,Red Big Eye,1
Bowfin,Mayan Cichlid,1
Bowfin,Roanoke Bass,1
Bull Shark,Nile Crocodile,1
Bull Shark,Black Caiman,1
Bull Shark,Mahimahi,1
Bull Shark,Yellowfin Tuna,1
Bull Shark,black fish,1
Bull Shark,Rémora,2
Alpine Marmot,African Pygmy Squirrel,1
Ambon Chromis,Longfin Bannerfish,2
Longfin Bannerfish,Red Tailed Butterfly,1
Longfin Bannerfish,Pennant Coral Fish,1
American Alligator,American Beaver,1
American Alligator,Nile Crocodile,2
American Alligator,Black Caiman,1
American Alligator,Flip Flop,1
American Alligator,No name,1
American Alligator,Saw Grass,1
American Alligator,Topi,1
American Alligator,Bald Eagle,3
American Alligator,Godbless,1
American Alligator,King Cobra,1
American Alligator,Great Blue Heron,1
American Alligator,Navy Blue,3
American Alligator,Dovetail,1
American Alligator,Magellanic Penguin,1
American Alligator,Burmese Python,2
American Alligator,Dwarf Caiman,2
American Alligator,Choppers,2
American Alligator,Crested Gecko,1
Nile Crocodile,Bald Eagle,1
Nile Crocodile,Godbless,2
Nile Crocodile,Burmese Python,1
Nile Crocodile,Corn Snake,1
Nile Crocodile,Leopard Seal,1
Nile Crocodile,Cheetah,1
Nile Crocodile,Komodo Dragon,1
Nile Crocodile,Saltwater Crocodile,1
Nile Crocodile,African Penguin,1
Nile Crocodile,Cuban Crocodile,2
Nile Crocodile,Pygmy Hippopotamus,1
Nile Crocodile,Goliath Heron,1
Nile Crocodile,African Openbill,1
Nile Crocodile,African Buffalo,1
Nile Crocodile,Saddlebill,1
Nile Crocodile,Waterbuck,1
Nile Crocodile,Gerenuk,1
Nile Crocodile,Shoebill,1
Nile Crocodile,Springbok,1
Black Caiman,Spectacled Caiman,1
Black Caiman,Amazon River Dolphin,1
Black Caiman,Neotropical Otter,1
Black Caiman,Sand Shark,1
Black Caiman,Yacaré,1
Flip Flop,King Cobra,1
Flip Flop,Mahimahi,1
Flip Flop,Mugger,1
Flip Flop,Red Herring,2
No name,Veiled Chameleon,1
No name,Jade Hunter,1
Topi,Mahimahi,1
Topi,English Oak,2
Bald Eagle,Sockeye Salmon,3
Bald Eagle,Mahimahi,1
Bald Eagle,White Bass,3
Bald Eagle,Herron,1
Bald Eagle,Round Goby,1
Bald Eagle,Northern Puffer,1
Godbless,Mahimahi,1
Godbless,Barbú,2
Godbless,Miro,1
Godbless,Blue Heart,3
Godbless,Gunner,1
Godbless,Protestant,51
King Cobra,Burmese Python,1
King Cobra,Choppers,1
King Cobra,Scrub Python,1
King Cobra,Polar Bear,1
King Cobra,Green Vine Snake,1
King Cobra,Black Mamba,23
King Cobra,Geckos,1
King Cobra,Ball Python,2
King Cobra,Puma,16
King Cobra,Rook,6
King Cobra,Cline,2
King Cobra,Honey Badger,2
King Cobra,Mud skipper,1
King Cobra,Tigerwood,3
King Cobra,Golf ball,1
King Cobra,African Wild Dog,1
King Cobra,Porky,1
King Cobra,King Crab,1
King Cobra,Red Dog,2
King Cobra,Hamadryad,2
King Cobra,Red Panda,1
King Cobra,Common Raven,1
King Cobra,Malabar Pit Viper,1
King Cobra,Coastal Taipan,2
King Cobra,Banded Krait,1
King Cobra,Gray Wolf,1
King Cobra,Asian Elephant,2
King Cobra,Estuarine Crocodile,1
King Cobra,Morar,2
King Cobra,Sidewinder,2
King Cobra,Pretty polly,1
Great Blue Heron,Herron,3
Great Blue Heron,Pickerel Weed,1
Navy Blue,Dovetail,13
Navy Blue,Bluebolt,1
Navy Blue,Firecoral,1
Navy Blue,Five Finger,1
Navy Blue,Gold Line,1
Dovetail,Polka Dot,1
Dovetail,Drill,7
Dovetail,Pecan,2
Dovetail,Rose Wood,2
Dovetail,Rook,1
Dovetail,Sapele,18
Dovetail,Hitch,1
Dovetail,Grey Oak,1
Dovetail,Lexa,1
Dovetail,Indian Rosewood,1
Dovetail,Goggles,1
Dovetail,Douglas Fir,8
Dovetail,Jarrah,1
Dovetail,English Oak,1
Dovetail,European Oak,1
Dovetail,Rosemary's Cone,1
Burmese Python,Scrub Python,1
Dwarf Caiman,Wolverine,1
Choppers,Hilsa,3
Choppers,Fat Tiger,3
Crested Gecko,Beardie,3
Crested Gecko,Veiled Chameleon,1
Crested Gecko,Yemen Chameleon,1
American Burying Beetle,Greater Sage Grouse,1
American Burying Beetle,Swift Fox,1
Osprey,Billfish,1
Osprey,Blue Runner,1
Osprey,Herron,1
Osprey,Joefish,2
Wolverine,Atlantic Bluefin Tuna,1
Wolverine,Blue Heart,1
Wolverine,Matai,1
Wolverine,Pickled Herring,1
Orinoco Crocodile,Chinese Giant Salamander,1
Orinoco Crocodile,Siamese Crocodile,1
American Lady,Painted Lady,11
American Lady,Common Buckeye,1
Painted Lady,Black Prince,1
Painted Lady,Viceroy,3
American Snout,Snout Butterfly,1
Amethystine Python,Scrub Python,10
Scrub Python,Eastern Box Turtle,1
Annular Seabream,Axillary Seabream,1
Antarctic Silverfish,Antarctic Krill,1
Antarctic Krill,Bigeye Tuna,1
Aoudad,Barbary Sheep,54
Aoudad,Addax,3
Aoudad,Wild Turkey,1
Aoudad,Wild Sheep,3
Aoudad,Axis Deer,18
Aoudad,Gemsbok,2
Aoudad,Blackbuck,12
Aoudad,Bighorn Sheep,3
Aoudad,Mountain Sheep,1
Barbary Sheep,Bighorn Sheep,1
Barbary Sheep,Mountain Lion,1
Bighorn Sheep,Snow Sheep,1
Arctic Grayling,Atlantic Salmon,1
Arctic Grayling,Bull Trout,10
Arctic Grayling,Arctic Fox,1
Arctic Grayling,Blue Fish,2
Arctic Grayling,Red Salmon,1
Arctic Grayling,Walleye,3
Arctic Grayling,Polar Bear,1
Arctic Grayling,Whale Shark,1
Arctic Grayling,Burbot,14
Arctic Grayling,Steelhead,1
Arctic Grayling,Fallfish,1
Atlantic Salmon,Sockeye Salmon,6
Atlantic Salmon,Yellowfin Tuna,2
Atlantic Salmon,Blue Heart,1
Atlantic Salmon,Blue Runner,1
Atlantic Salmon,Wolffish,1
Atlantic Salmon,European seabass,1
Bull Trout,Sockeye Salmon,1
Arctic Fox,Beardie,1
Blue Fish,Atlantic Bonito,1
Blue Fish,Mahimahi,5
Blue Fish,black fish,1
Blue Fish,Blue betta,6
Blue Fish,Jack Dempsey,1
Blue Fish,Pinkfish,5
Blue Fish,Joefish,2
Blue Fish,Scup,18
Red Salmon,Sockeye Salmon,26
Red Salmon,Sweet Potato,1
Red Salmon,Pickling,1
Red Salmon,Silver Salmon,1
Red Salmon,Grizzly Bear,1
Walleye,Sockeye Salmon,1
Walleye,White Bass,168
Walleye,Golden Bream,1
Walleye,Tench,7
Polar Bear,Sockeye Salmon,1
Polar Bear,Beardie,1
Polar Bear,black fish,1
Polar Bear,Blue Heart,1
Polar Bear,Dung Beetle,1
Whale Shark,Yellowfin Tuna,1
Whale Shark,Billfish,2
Whale Shark,Blue Heart,1
Whale Shark,Lemon Peel,1
Whale Shark,Longfin Mako,1
Whale Shark,Pacific Sleeper Shark,1
Whale Shark,Porbeagle,1
Whale Shark,Rémora,15
Burbot,Round Goby,1
Steelhead,Sockeye Salmon,6
Steelhead,Mahimahi,3
Steelhead,White Bass,2
Steelhead,Gunner,1
Steelhead,Tench,1
Fallfish,Mahimahi,4
Fallfish,Billfish,2
Fallfish,black fish,5
Fallfish,White Bass,2
Fallfish,Scup,1
Asian Chameleon,Unau,1
Asian Vine Snake,Green Vine Snake,1
Asian Vine Snake,Oriental Whip Snake,1
Atlantic Bluefin Tuna,Sockeye Salmon,1
Atlantic Bluefin Tuna,Striped Dolphin,1
Atlantic Bluefin Tuna,Josef,1
Sockeye Salmon,Mahimahi,1
Sockeye Salmon,Marri,1
Sockeye Salmon,Sweet Potato,2
Sockeye Salmon,Bell Pepper,1
Sockeye Salmon,Squash,3
Sockeye Salmon,Blue Marlin,1
Sockeye Salmon,Orca,1
Sockeye Salmon,Cobia,1
Sockeye Salmon,Brown Bear,5
Sockeye Salmon,Cougar,1
Sockeye Salmon,Moon Fish,1
Sockeye Salmon,Cashew,3
Sockeye Salmon,Horseradish,1
Sockeye Salmon,Moly   ,1
Sockeye Salmon,Zucchini,11
Sockeye Salmon,King Crab,2
Sockeye Salmon,Butternut,1
Sockeye Salmon,Silver Salmon,3
Sockeye Salmon,Grizzly Bear,2
Sockeye Salmon,Copperhead Snake,1
Sockeye Salmon,Pumpkinseed,2
Sockeye Salmon,Arctic Wolf,1
Sockeye Salmon,Matsutake,1
Sockeye Salmon,Chicharro,1
Josef,Miro,1
Josef,Yacaré,1
Atlantic Bonito,False Albacore,1
Atlantic Bonito,Yellowmouth Barracuda,2
Atlantic Bonito,Mahimahi,2
False Albacore,Mahimahi,1
False Albacore,Saddled Seabream,1
Mahimahi,Marri,2
Mahimahi,Sweet Potato,17
Mahimahi,Papaya,1
Mahimahi,Bell Pepper,1
Mahimahi,Squash,3
Mahimahi,Uku,3
Mahimahi,Beeliner,1
Mahimahi,Vermillion,1
Mahimahi,Bigeye Tuna,8
Mahimahi,Yellowfin Tuna,88
Mahimahi,Blue Marlin,46
Mahimahi,Blackfin Tuna,32
Mahimahi,Billfish,54
Mahimahi,Skip Jack,7
Mahimahi,White Marlin,3
Mahimahi,Striped Marlin,5
Mahimahi,Mahi-mahi,86
Mahimahi,Orca,6
Mahimahi,Black Marlin,2
Mahimahi,Giant Trevally,4
Mahimahi,Cobia,26
Mahimahi,black fish,3
Mahimahi,Golden Tilefish,1
Mahimahi,Silky Shark,2
Mahimahi,Gag Grouper,1
Mahimahi,Red Grouper,3
Mahimahi,Wahoo Fish,2
Mahimahi,Drill,1
Mahimahi,Brown Trout,1
Mahimahi,panda,1
Mahimahi,Seize,1
Mahimahi,Blue Runner,1
Mahimahi,Shellfish,3
Mahimahi,Pecan,3
Mahimahi,Striped Bass,5
Mahimahi,Cashew,2
Mahimahi,Horseradish,1
Mahimahi,Great White Shark,2
Mahimahi,Dog Snapper,1
Mahimahi,Hitch,1
Mahimahi,Lehi,1
Mahimahi,Zucchini,7
Mahimahi,Macadamia Nut,6
Mahimahi,King Crab,9
Mahimahi,Jumbos,3
Mahimahi,Doubleheader,1
Mahimahi,Jumping Bean,4
Mahimahi,Grayfish,2
Mahimahi,Yelloweye Snapper,1
Mahimahi,Mingo Snapper,1
Mahimahi,Blue mah,2
Mahimahi,Banded Rudderfish,2
Mahimahi,Butter fish,1
Mahimahi,Pacific Mackerel,1
Mahimahi,Hot Pepper,2
Mahimahi,Yellowtail Amberjack,1
Mahimahi,Butternut,2
Mahimahi,Leerfish,1
Mahimahi,Red Drum,4
Mahimahi,Striped Bonito,1
Mahimahi,Speckled Seatrout,1
Mahimahi,Quim,1
Mahimahi,Sand Dab,1
Mahimahi,Yellow Perch,1
Mahimahi,Bar Jack,1
Mahimahi,Old wife,1
Mahimahi,Old Glory,1
Mahimahi,Red Hind,1
Mahimahi,Capitan,1
Mahimahi,Blueline Tilefish,1
Mahimahi,Sand bass,1
Mahimahi,Finback,1
Mahimahi,Skippy,1
Mahimahi,Silk Snapper,1
Mahimahi,Cluck,1
Mahimahi,Green Pepper,1
Aurochs,Wisent,2
Aurochs,Wildcat,1
Wildcat,Yellowfin Tuna,1
Wildcat,Bullrush,1
Wildcat,Colossal squid,1
Wildcat,Freshie,5
Wildcat,Great Crested Newt,1
Baby’s Tears,Leaflove,1
Baby’s Tears,Snakeplant,1
Snakeplant,Black Prince,1
Balga,Marri,1
Marri,Miro,81
Marri,Yellowfin Tuna,8
Marri,Green Flash,1
Marri,Breca,1
Marri,White Bass,1
Marri,Pickling,2
Marri,Mugger,1
Marri,Herning,1
Marri,Herron,1
Marri,Horse Head,2
Marri,Mattie,2
Marri,Miss Lucy,5
Marri,Pa lai,1
Marri,Pickled Herring,1
Marri,Red Herring,7
Marri,Pollan,1
Marri,Protestant,15
Marri,Red Octopus,1
Marri,Viceroy,3
Marri,海南,1
Bambara Groundnut,Mung Bean,1
Banded Wrasse,Banded wrasse,1
Mountain Lion,Boxelder,1
Barbú,Barbudo,58
Barbú,Miro,1
Barbú,Beardie,9
Barbú,red pencil,1
Barbú,Black Mamba,1
Barbú,Rasoir,1
Barbú,Blue Jay,1
Barbú,Haha,1
Barbudo,Beardie,15
Miro,Joey,3
Miro,Likh,28
Miro,Angelin,1
Beardie,Haha,3
Beardie,Geckos,18
Beardie,Papaya,1
Beardie,Bearded Tit,38
Beardie,Ball Python,19
Beardie,Bearded Vulture,1
Beardie,Mealworms,5
Beardie,Veiled Chameleon,4
Beardie,Catla ,1
Beardie,Yellowheart,1
Beardie,Sugar Glider,10
Beardie,Bell Pepper,1
Beardie,Tokay Gecko,1
Beardie,Chinese Water Dragon,1
Beardie,Koala,1
Beardie,Corn Snake,3
Beardie,Weka,1
Beardie,Walrus,1
Beardie,Cockatiel,1
Beardie,Squash,1
Beardie,Sleepy Lizard,1
Beardie,Bearded Seal,1
Beardie,Uku,1
Beardie,Blackneck Garter Snake,1
Beardie,Miss Lucy,1
Black Mamba,Black Prince,1
Black Mamba,Dung Beetle,1
Black Mamba,White lotus,1
Blue Jay,Pickling,1
Blue Jay,Freshie,1
Haha,Yellowfin Tuna,1
Haha,Billfish,1
Haha,Bluebolt,1
Haha,Pickling,1
Haha,Dageraad,1
Haha,Dung Beetle,1
Haha,Fat Tiger,1
Haha,Freshie,7
Haha,Gunner,2
Haha,Mugger,3
Haha,Gold Line,2
Haha,Hauhau,3
Haha,Horse Head,14
Haha,Jamaican Monkey,1
Haha,Longfin Mako,1
Haha,Matai,2
Haha,Mattie,5
Haha,Melker,2
Haha,Miss Lucy,1
Haha,Shanny,1
Haha,Nohorn Unicorn,1
Haha,Pickled Herring,1
Haha,Scup,2
Barnes' Blue,Polka Dot,2
Polka Dot,Veiled Chameleon,2
Polka Dot,Jumping Bean,1
Polka Dot,Red Herring,3
Polka Dot,Pot Cover,1
Polka Dot,Rémora,1
Polka Dot,Tritri,1
Basa fish,Lemon Fish,1
Basa fish,Sweet Potato,2
Sweet Potato,Yellowfin Tuna,5
Sweet Potato,Billfish,1
Sweet Potato,Green Crab,1
Sweet Potato,Jumping Bean,1
Sweet Potato,Red Herring,1
Sweet Potato,White lotus,1
Baw Baw Frog,Christmas Island Pipistrelle,1
Baw Baw Frog,Eastern Barred Bandicoot,1
Bay Anchovy,Bay anchovy,2
Beaded Lizard,Gila Monster,6
Geckos,Veiled Chameleon,1
Geckos,Standing's Day Gecko,2
Papaya,Yellowfin Tuna,1
Papaya,Pickling,2
Papaya,Horse Head,6
Papaya,Scup,5
Ball Python,Veiled Chameleon,4
Ball Python,Royal Snake,13
Ball Python,Standing's Day Gecko,1
Ball Python,Yellow Monitor,1
Mealworms,Veiled Chameleon,1
Veiled Chameleon,Tokay Gecko,1
Veiled Chameleon,Chinese Water Dragon,1
Veiled Chameleon,Merlin,1
Veiled Chameleon,Dung Beetle,1
Veiled Chameleon,Panther Chameleon,229
Veiled Chameleon,Yemen Chameleon,162
Veiled Chameleon,Eastern Fence Lizard,1
Veiled Chameleon,Carpet Chameleon,1
Veiled Chameleon,California Kingsnake,1
Veiled Chameleon,Rufous Hummingbird,1
Catla ,Hilsa,1
Catla ,Dung Beetle,1
Catla ,Gunner,2
Catla ,Mattie,2
Yellowheart,Blue Heart,8
Bell Pepper,Yellowfin Tuna,1
Bell Pepper,Blackfin Tuna,1
Bell Pepper,Black Prince,1
Bell Pepper,Green Flash,1
Bell Pepper,Pickling,4
Bell Pepper,European seabass,1
Koala,Gold Line,1
Koala,Little Unicorn,1
Walrus,Yellowfin Tuna,1
Walrus,black fish,3
Walrus,Green Flash,2
Walrus,Damsel Fish,1
Squash,Yellowfin Tuna,2
Squash,Mahi-mahi,1
Squash,Green Flash,2
Squash,Pickling,18
Squash,Horse Head,1
Squash,Rees' Squid,1
Squash,Totoaba,1
Uku,Freshie,1
Uku,Gold Line,1
Uku,Viceroy,2
Beaugregory,Beau Gregory,7
Beeliner,Vermillion,2
Vermillion,Blackfin Tuna,1
Vermillion,Pariette Cactus,1
Belted Crayfish,Freckled Crayfish,1
Bengal Monitor Lizard,Common Indian Monitor,1
Bigeye Trevally,Coronation Trout,1
Bigeye Trevally,Bohar Snapper,1
Bigeye Trevally,Bluefin Trevally,1
Bigeye Trevally,Glass Fish,1
Bohar Snapper,Yellowfin Tuna,1
Bluefin Trevally,Lemon butterfly,1
Bluefin Trevally,Orangespine Unicornfish,1
Glass Fish,Celestial Pearl Danio,1
Glass Fish,Longnose Butterfly Fish,1
Bigeye Tuna,Yellowfin Tuna,39
Bigeye Tuna,Blue Marlin,2
Bigeye Tuna,Blackfin Tuna,2
Bigeye Tuna,Blue Shark,1
Bigeye Tuna,Horsemackerel,1
Bigeye Tuna,Billfish,1
Bigeye Tuna,Skip Jack,2
Yellowfin Tuna,Blue Marlin,15
Yellowfin Tuna,Blackfin Tuna,43
Yellowfin Tuna,Blue Shark,1
Yellowfin Tuna,Billfish,3
Yellowfin Tuna,Skip Jack,15
Yellowfin Tuna,White Marlin,12
Yellowfin Tuna,Striped Marlin,8
Yellowfin Tuna,Black Marlin,12
Yellowfin Tuna,Giant Trevally,7
Yellowfin Tuna,Cobia,5
Yellowfin Tuna,Golden Tilefish,1
Yellowfin Tuna,Red Grouper,1
Yellowfin Tuna,Shellfish,1
Yellowfin Tuna,Striped Bass,4
Yellowfin Tuna,Cashew,1
Yellowfin Tuna,Great White Shark,1
Yellowfin Tuna,Joey,1
Yellowfin Tuna,Green Turtle,1
Yellowfin Tuna,Zucchini,2
Yellowfin Tuna,King Crab,3
Yellowfin Tuna,Doubleheader,1
Yellowfin Tuna,Wild Cherry,1
Yellowfin Tuna,Longfin Tuna,1
Yellowfin Tuna,Red Drum,1
Yellowfin Tuna,Old Glory,2
Yellowfin Tuna,Skippy,1
Yellowfin Tuna,Water Chestnut,1
Yellowfin Tuna,Black Pea,1
Yellowfin Tuna,Chicharro,1
Yellowfin Tuna,Southern Bluefin Tuna,1
Yellowfin Tuna,Almaco Jack,2
Yellowfin Tuna,Bullet Tuna,1
Yellowfin Tuna,Guanaco,1
Yellowfin Tuna,Scamp Grouper,6
Yellowfin Tuna,White Seabass,1
Yellowfin Tuna,Yellow Onion,1
Yellowfin Tuna,Beach Pea,1
Yellowfin Tuna,Oilfish,1
Yellowfin Tuna,Humpback Snapper,1
Yellowfin Tuna,Napoleon Wrasse,1
Yellowfin Tuna,Bermuda Cedar,1
Blue Marlin,Blackfin Tuna,4
Blue Marlin,Billfish,1207
Blue Marlin,Hardhead Catfish,1
Blackfin Tuna,Billfish,3
Blackfin Tuna,Skip Jack,2
Blackfin Tuna,White Marlin,2
Blackfin Tuna,Orca,1
Blackfin Tuna,Black Marlin,1
Blackfin Tuna,Golden Tilefish,1
Blackfin Tuna,Silky Shark,1
Blackfin Tuna,Gag Grouper,1
Blackfin Tuna,Red Grouper,2
Blackfin Tuna,Yellow Jack,1
Blackfin Tuna,Mackerel Tuna,1
Blackfin Tuna,Wahoo Fish,1
Blue Shark,Porbeagle,2
Horsemackerel,Bigfin Reef Squid,1
Horsemackerel,Bogue,1
Horsemackerel,Madai,1
Billfish,White Marlin,74
Billfish,Striped Marlin,43
Billfish,Mahi-mahi,1
Billfish,Orca,1
Billfish,Black Marlin,35
Billfish,Giant Trevally,1
Billfish,Cobia,8
Billfish,Aardvark,1
Billfish,Minde,1
Billfish,Garpike,2
Billfish,Merlin,1
Billfish,Broadbill Swordfish,1
Skip Jack,White Bass,1
Bigfin Reef Squid,Hong Kong Grouper,1
Bigfin Reef Squid,Red Sea Bream,1
Red Sea Bream,Madai,6
Black carp,Black Carp,24
Black carp,Banded Killifish,1
Black carp,Quagga Mussel,1
Black carp,black fish,1
Common Carp,Tench,131
Mahi-mahi,Matai,1
Mahi-mahi,Bearcat,1
Orca,black fish,434
Orca,Blue Heart,2
Orca,Green Flash,1
Orca,Colossal squid,19
Orca,Royal Gramma,1
Orca,Fat Tiger,1
Orca,Rémora,14
Giant Trevally,Mangrove Jack,3
Cobia,Blue Runner,1
Cobia,Brownfish,3
Cobia,Madai,2
Cobia,Sea-bean,1
Aardvark,Dung Beetle,7
Minde,Gunner,1
Merlin,Blue Heart,4
Merlin,Hilsa,1
Merlin,Mattie,1
Quagga Mussel,White Bass,1
Quagga Mussel,Round Goby,1
Quagga Mussel,Rusty Crayfish,1
black fish,Tautog,19
black fish,Pacific Blackdragon,1
black fish,Surf Redfish,1
black fish,Green Crab,4
black fish,Drill,1
black fish,White Whale,4
black fish,Humpback Whale,1
black fish,River Blackfish,1
black fish,Galapagos Shark,1
black fish,Black Gum,1
black fish,Leopard Seal,1
black fish,Narwhal,1
black fish,Brown Trout,1
black fish,Black Beauty,1
black fish,Brownfish,2
black fish,Pinkfish,4
black fish,Lollyfish,1
black fish,Prickly Redfish,1
black fish,Scup,5
black fish,Totoaba,1
Black Copper Rat Snake,Yellow striped Snake,6
Silky Shark,Dung Beetle,3
Gag Grouper,Mingo Snapper,1
Yellow Jack,Blue Runner,2
Yellow Jack,Freshie,1
Yellow Jack,Mugger,1
Yellow Jack,Schoolmaster Snapper,1
Yellow Jack,Viceroy,1
Tautog,Scup,11
Green Crab,Shellfish,15
Green Crab,Conner,1
Green Crab,Semipalmated Plover,1
Green Crab,Curry Fish,2
Green Crab,King Crab,2
Drill,Boxelder,1
Drill,Bullrush,2
Drill,Gunner,2
Drill,Gold Line,1
Drill,Herron,1
Drill,Mattie,13
White Whale,Green Flash,1
Humpback Whale,Emperor Angelfish,1
Humpback Whale,Olive Ridley,1
Leopard Seal,Colossal squid,2
Narwhal,Sarcastic Fringehead,1
Narwhal,Horse Head,1
Narwhal,Little Unicorn,1
Narwhal,Totoaba,1
Brown Trout,Brownfish,35
Brown Trout,White Bass,2
Brown Trout,Ferox Trout,2
Brown Trout,Go-home-fish,1
Brown Trout,Morar,1
Brown Trout,Tench,1
Black Beauty,Black Prince,2
Black Beauty,Herron,1
Black Beauty,Horse Head,1
Blacklip Butterflyfish,Scalefin anthias,1
Scalefin anthias,Damsel Fish,1
Scalefin anthias,Red and Black Anemonefish,1
Scalefin anthias,Pink Anemonefish,1
Blackmouth Catshark,Sailfin Roughshark,2
Black phantom tetra,Phantom tetra,1
Black phantom tetra,Harlequin Rasbora,1
Black Prince,Rubber Plant,2
Black Prince,Fair Maid,2
Black Prince,Verdin,1
Black Prince,Yellow Pea,1
Black Prince,Capsicum ,1
Black Prince,Winterbloom,1
Black Prince,panda,2
Black Prince,Robbie,1
Black Prince,Redwing,1
Black Prince,Puma,1
Verdin,White Bass,1
Capsicum ,Pickling,2
panda,Bluebolt,2
panda,Pickling,2
panda,Deepsea Squid,1
panda,Five Finger,1
panda,Freshie,1
panda,Pinkfish,1
panda,Gold Line,1
panda,Horse Head,2
panda,Kete,1
panda,Lemon Peel,1
panda,Mattie,1
panda,Red Herring,1
panda,Red Pandora,1
panda,Seal Shark,1
panda,White lotus,4
Robbie,English Oak,1
Robbie,Gunner,3
Robbie,Mugger,1
Robbie,Herning,60
Robbie,Matai,1
Robbie,Mattie,2
Robbie,Plumhead,1
Redwing,Cordonnier,4
Redwing,Shanny,29
Redwing,Protestant,1
Redwing,White lotus,1
Puma,Bogue,2
Puma,Cline,1
Puma,Freshie,1
Puma,Gunner,3
Black Squid,Indian Mackerel,1
Blacktail Wrasse,Blacktail wrasse,1
Blind Cave Fish,Mexican Tetra,1
Blind Swamp Eel,Swamp eel,1
Blonde Ray,Flapper Skate,1
Blonde Ray,Nursehound,1
Blonde Ray,Spotted Ray,1
Blonde Ray,Undulate Ray,2
Blonde Ray,Small Spotted Catshark,1
Flapper Skate,Nursehound,1
Nursehound,Small Spotted Catshark,1
Nursehound,Basking Shark,1
Spotted Ray,Small Spotted Catshark,1
Undulate Ray,Montagu's Blenny,1
Small Spotted Catshark,Lesser Spotted Dogfish,1
Small Spotted Catshark,Harbour Seal,1
Small Spotted Catshark,Panther Chameleon,1
Blue betta,Siamese Fighting Fish,3
Bluebolt,Black Rose,1
Bluebolt,Goldcrest,1
Bluebolt,Blue Heart,1
Blue Heart,Brown Bear,1
Blue Heart,Blue Duck,1
Blue Heart,Keno,1
Blue Heart,Tasmanian Devil,1
Blue Heart,Seize,1
Blue Heart,French Sole,1
Blue Heart,Pink Rose,1
Blue Heart,Blue star,1
Blue Heart,Cheetah,2
Blue Heart,Blue girl,10
Blue Heart,Black Swan,2
Blue Heart,Cougar,1
Blue Chromis,Green Chromis,3
Blue Chromis,Grey Angelfish,1
Blue Chromis,Sargeant Major,1
Green Chromis,Powder Blue Tang,1
Green Chromis,Foxface Rabbitfish,2
Green Chromis,Red Firefish,1
Grey Angelfish,Gray Angelfish,3
Sargeant Major,French Angelfish,3
Blue Flash,Green Flash,12
Green Flash,Brown Bear,1
Green Flash,Woodchuck,11
Green Flash,Golden Eagle,2
Green Flash,Torrey Pine,4
Bluegirdled Angelfish,Blue Girdled Angelfish,1
Keno,Gunner,1
Keno,Mugger,1
Keno,Rémora,1
Seize,Hilsa,1
Seize,Pickling,1
Seize,Pa lai,1
Blue star,Mugger,1
Cheetah,Chinese Tiger,1
Cheetah,Freshie,1
Cheetah,Horse Head,1
Cheetah,Rémora,2
Black Swan,Red Herring,1
Cougar,Pickling,1
Cougar,Five Finger,1
Cougar,Freshie,2
Cougar,Mugger,1
Cougar,Green Dolphin,2
Cougar,Mattie,5
Cougar,Pickled Herring,1
Cougar,Scup,1
Bluering Angelfish,Blue Ring Angelfish,3
Blue Runner,Southern Stingray,2
Blue Runner,Moon Fish,1
Blue Runner,Rémora,1
Southern Stingray,Roughtail Stingray,1
Blue Spiny Lobster,Painted Spiny Lobster,1
Painted Spiny Lobster,Shellfish,1
Bogue,Shellfish,1
Shellfish,European Spiny Lobster,1
Shellfish,Pickled Herring,1
Shellfish,Scup,1
Shellfish,Swellfish,1
Boring Clam,Western Fence Lizard,1
Boxelder,Sourwood,4
Boxelder,Russian Olive,1
Boxelder,Eastern Redcedar,2
Boxelder,Silver Maple,1
Boxelder,Pecan,1
Boxelder,Bigleaf Maple,1
Boxelder,Rose Wood,1
Boxelder,Woodchuck,2
Boxelder,Sora,1
Boxelder,Bobcat,1
Pecan,English Oak,1
Rose Wood,English Oak,2
Rose Wood,Spectaclecase,2
Rose Wood,Totoaba,1
Rose Wood,Viceroy,1
Sora,Danube salmon,1
Sora,Little Unicorn,1
Bobcat,Cut-grass,1
Bobcat,Freshie,1
Braize,Mudpuppy,1
Broadfin Shark,Widenose Guitarfish,1
Broadleaf Plantain,Red Clover,1
Bronze Bream,Pignose Grunter,1
Brown Lipped Snail,Song Thrush,1
Song Thrush,English Oak,2
Brown Tang,Banded Shark,1
Brown Vine Snake,Brown Vinesnake,4
Bullrush,Sweet Grass,2
Bullrush,Red Rover,1
Bullrush,Rook,1
Bullrush,Schooly,1
Bullrush,long yam,1
Rook,Jack Dempsey,2
Rook,Freshie,5
Rook,Gunner,3
Rook,Herning,2
Rook,Little Squid,1
Rook,Olive Ridley,1
Rook,Tench,1
Bush Vetch,White Clover,1
White Clover,Greater Plantain,1
White Clover,Knotgrass,1
Caribbean Reef Shark,Sandbar Shark,1
Caribbean Spiny Lobster,American Lobster,1
Hilsa,Salom,1
Hilsa,Kasturi,1
Channeled Applesnail,Water Lettuce,1
Chinese catfish,Chinese Catfish,12
Chinese Giant Salamander,Leatherback Sea Turtle,1
Chinese Tiger,Javan Tiger,1
Clarion Angelfish,Conspicuous Angelfish,1
Cline,Red Berry,1
Clown Anemonefish,Tomato Anemonefish,1
Chital,Mugger,1
Jack Dempsey,Matches,1
Jack Dempsey,Convict Fish,1
Jack Dempsey,Texas Cichlid,3
Jack Dempsey,Tiger Barb,3
Jack Dempsey,Joe Louis,95
Jack Dempsey,Red Tailed Shark,1
Jack Dempsey,Kissing Gourami,1
Jack Dempsey,Snuffbox,1
Jack Dempsey,Nehu,1
Jack Dempsey,Bala Shark,1
White Bass,Striped Bass,24
White Bass,Yellow Perch,1
White Bass,Sand bass,54
White Bass,Sauger,3
White Bass,White Crappie,1
White Bass,Flathead Catfish,2
White Bass,White Perch,9
White Bass,Yellow Bullhead,1
White Bass,Muskellunge,1
White Bass,Freshwater Drum,1
White Bass,Black Heron,2
White Bass,Coleto,1
White Bass,Black Sandshell,1
White Bass,Drumfish,1
White Bass,White Box,1
Striped Bass,Lemon Peel,1
Striped Bass,Scup,22
Clown Tang,Powder Blue Tang,1
Clown Tang,Snowflake Moray,1
Powder Blue Tang,Snowflake Moray,1
Powder Blue Tang,Emperor Angelfish,1
Powder Blue Tang,Queen Angelfish,1
Powder Blue Tang,Powderblue Surgeonfish,1
Powder Blue Tang,Yellow Watchman Goby,1
Cobnut,Cashew,1
Cobnut,Horseradish,1
Cobnut,Walnuts,10
Cobnut,Greengage,1
Cobnut,Lingonberry,1
Horseradish,Pickling,7
Horseradish,Lemon Peel,1
Horseradish,Pickled Herring,2
Horseradish,Sild,1
Walnuts,Pickling,14
Walnuts,Lemon Peel,3
Walnuts,Ziege,1
Walnuts,Steppe-runner,1
Greengage,Pickling,1
Lingonberry,Pickled Herring,1
Colossal squid,Great White Shark,2
Great White Shark,Mountain Chicken,1
Great White Shark,Rémora,1
Great White Shark,Totoaba,1
Common Alder,Common alder,5
Common Birch,Silver birch,1
Common Birch,European Alder,1
Silver birch,English Oak,2
Common Blue Damselfly,Southern Damselfly,1
Common Blue Damselfly,Norfolk Hawker,1
Common Blue Damselfly,Azure Damselfly,1
Common Blue Damselfly,Large Red Damsel,1
Common Cuttlefish,Mimic octopus,1
Common Cuttlefish,Matches,1
Matches,Gunner,6
Common Dolphinfish,Common Dolphin Fish,3
Common Spiny Lobster,European Spiny Lobster,1
Common Tree Snake,Eastern Bluetongue,1
Congo Tetra,Denison Barb,13
Congo Tetra,African Leaffish,1
Congo Tetra,Humphead Glassfish,1
Denison Barb,Humphead Glassfish,1
Convict Surgeonfish,Convict Tang,3
Convict Tang,Purple Firefish,1
Convict Tang,Orangeband Surgeonfish,4
Purple Firefish,Coral Beauty Angel,1
Purple Firefish,Royal Gramma,1
Copperhead Rat Snake,Radiated Ratsnake,1
Copse Snail,White Lipped Snail,1
Coral Beauty Angel,Royal Gramma,1
Coral Beauty Angel,Fire Goby,1
Royal Gramma,Fire Goby,1
Royal Gramma,Maroon Clownfish,1
Royal Gramma,Yellow Goby,2
Royal Gramma,Royal Basslet,1
Royal Gramma,Canary wrasse,1
Royal Gramma,Saddle Back Clown,1
Royal Gramma,Midas Blenny,1
Royal Gramma,Saddleback Clownfish,1
Cordonnier,Bayad,1
Corsican Mint,Chives,1
Corsican Mint,Apple Mint,1
Corsican Mint,English Thyme,1
Corsican Mint,Fever Tree,1
Corsican Mint,Pickling,1
Chives,Pickling,1
Chives,Lemon Peel,1
Chives,Pickled Herring,1
Fever Tree,Lemon Peel,8
Pickling,gooseberry,3
Pickling,Joey,1
Pickling,Zucchini,37
Pickling,Porky,1
Pickling,Allspice,2
Pickling,Cayenne Pepper,2
Pickling,Hot Pepper,30
Pickling,Green Pepper,2
Pickling,Pickled Herring,1
Pickling,Wild Onion,1
Pickling,Chili Pepper,7
Pickling,Sweet Chestnut,1
Pickling,Pimiento,1
Pickling,Manul,1
Pickling,Black Pea,1
Pickling,Privet ,1
Pickling,Grandmaw,1
Crested Weedfish,Crested weedfish,1
Cuban Treefrog,Cane Toad,3
Cuban Treefrog,Gopher Tortoise,1
Cuban Treefrog,American Green Treefrog,1
Cane Toad,Dung Beetle,1
Cane Toad,Mountain Chicken,3
Cut-grass,Egyptian Goose,1
Egyptian Goose,Dung Beetle,1
Damsel Fish,Bluestreak cleaner wrasse,1
Damsel Fish,Red and Black Anemonefish,2
Damsel Fish,Slippery dick,1
Damsel Fish,Lyretail anthias,1
Damsel Fish,Rabbit Fish,5
Damsel Fish,Flamefish,1
Damsel Fish,Twospot Snapper,1
Damsel Fish,Pilot Fish,1
Damsel Fish,Yellow Pencil Coral,1
Damsel Fish,Angler fish,1
Damsel Fish,Sergeantfish,1
Damsel Fish,Leafy Seadragon,1
Damsel Fish,Tiger fish,1
Damsel Fish,Texas Cichlid,1
Rabbit Fish,Emperor Angelfish,1
Rabbit Fish,Mangrove Jack,3
Flamefish,Sea perch,1
Flamefish,Madfish,1
Pilot Fish,Rémora,3
Angler fish,Wolffish,1
Tiger fish,Wolffish,1
Basking Shark,Porbeagle,3
Dog Snapper,Dog snapper,31
Dojo loach,Weather loach,14
Dojo loach,Peacock Gudgeon,1
Dojo loach,White Cloud Mountain Minnow ,1
Dojo loach,Pond loach,1
Dojo loach,Yoyo,1
Weather loach,White Cloud Mountain Minnow ,1
Weather loach,Pond loach,1
Weather loach,Reedfish,43
Peacock Gudgeon,Lemon tetra,1
Yoyo,Horse Head,1
Yoyo,Jumping Bean,1
Yoyo,Pa lai,1
Yoyo,Yacaré,3
Sapele,European Oak,1
Hitch,Freshie,1
Hitch,Horse Head,5
Hitch,Rémora,8
Hitch,Viceroy,2
Lexa,Freshie,1
Goggles,Rémora,1
Goggles,Spectaclecase,2
Douglas Fir,English Oak,2
Jarrah,Matai,1
Dung Beetle,Moly   ,1
Dung Beetle,Bezoar,1
Dung Beetle,Pond Smelt,1
Dung Beetle,Elephant Grass,1
Dung Beetle,Naked Mole Rat,1
Dung Beetle,Malia,2
Dung Beetle,Grey Seal,1
Dung Beetle,Vaquita,1
Dung Beetle,Honey Badger,1
Malia,Pinkfish,2
Malia,Matai,8
Malia,Powan,1
Vaquita,Totoaba,741
Honey Badger,Scup,1
Eclipse Butterflyfish,Black Spotted Puffer,1
Egyptian lotus,Blue Lotus,1
Blue Lotus,White lotus,3
Mud skipper,Marsh Crocodile,1
Wolffish,Sea perch,1
Wolffish,Madfish,1
Wolffish,Zucchini,1
Wolffish,Blue Whale,1
Wolffish,Shoebill,1
Wolffish,Harbour Seal,1
Wolffish,Coalfish,1
Pink Dolphin,Green Dolphin,1
Firecoral,Elkhorn Coral,1
Firecoral,Green Turtle,1
Firecoral,Bermuda Chub,1
Elkhorn Coral,Hawksbill Turtle,1
Hawksbill Turtle,French Angelfish,1
Hawksbill Turtle,Goldspotted Eel,1
Emperor Angelfish,Brownspotted Grouper,2
Emperor Angelfish,Koran Angelfish,2
Emperor Angelfish,Majestic Angelfish,1
Emperor Angelfish,Foxface Rabbitfish,1
Emperor Angelfish,French Angelfish,2
Emperor Angelfish,Harlequin tuskfish,1
Emperor Angelfish,Queen Angelfish,1
Emperor Angelfish,Chalk Bass,1
French Angelfish,Queen Angelfish,1
French Angelfish,Redtail Parrotfish,1
French Angelfish,Gray Angelfish,1
French Angelfish,Spotted Eagle Ray,1
French Angelfish,Glasseye Snapper,1
French Angelfish,Rock Beauty,1
French Angelfish,Prairie Vole,1
Queen Angelfish,Gray Angelfish,1
Queen Angelfish,Pinkfish,1
Queen Angelfish,Schoolmaster Snapper,1
Queen Angelfish,Midnight Parrotfish,1
Queen Angelfish,Queen Triggerfish,1
Queen Angelfish,Honeycomb Cowfish,3
Queen Angelfish,Spanish Hogfish,2
English Oak,Eastern White Pine,1
English Oak,Pedunculate Oak,3
English Oak,Tree Bat,1
English Oak,Emperor Penguin,1
English Oak,Cedar of Lebanon,1
English Oak,European Oak,2
English Oak,Acanthus,2
English Oak,Brown Oak,2
Pedunculate Oak,Sessile Oak,1
European Oak,gooseberry,1
European Oak,European Beech,1
Estuary Cod,Golden Trevally,1
Estuary Cod,Mangrove Jack,1
Mangrove Jack,Red Dog,18
Mangrove Jack,Mulloway,1
Mangrove Jack,Shovelnose Shark,1
Mangrove Jack,Yellow Fin Bream,1
Mangrove Jack,Murray Cod,3
Mangrove Jack,Mangrove Red Snapper,1
Mangrove Jack,Golden snapper,1
Mangrove Jack,Scribbled Snapper,3
European Crayfish,American Mink,1
Evergreen oak,Cork Oak,1
Fat Tiger,Pigo,1
Fat Tiger,Joey,4
Fat Tiger,Tigerwood,1
Joey,Gunner,1
Joey,Mugger,1
Joey,Horse Head,1
Joey,Mattie,3
Joey,Shanny,2
Joey,Red Herring,2
Joey,Protestant,1
Joey,Tench,1
Joey,Viceroy,2
Green Turtle,Olive Ridley,16
Green Turtle,Spiny Flower Coral,1
Flamboyant Cuttlefish,Dugong,1
Flamboyant Cuttlefish,Hairy Frog,2
Forceps Fish,Forcepsfish,1
Gray Angelfish,Schoolmaster Snapper,1
Rock Beauty,Fairy basslet,1
Freshie,Lehi,1
Freshie,Zucchini,1
Freshie,Saltie,2
Freshie,Nene,3
Freshie,Tamaraw,2
Freshie,Golden Eagle,2
Freshie,Bar Cod,1
Freshie,Cushy,1
Freshie,Black Skate,1
Freshie,Johnston's Crocodile,2
Lehi,Horse Head,2
Zucchini,Lemon Peel,1
Zucchini,Pickled Herring,1
Zucchini,Sea-bean,3
Nene,Kete,1
Nene,Shanny,1
Nene,Tench,2
Nutria,Rusty Crayfish,1
Archbishop,Protestant,5
Gunner,Tonka,1
Gunner,Josea,1
Gunner,Sampa,1
Gunner,Horse Head,1
Golf ball,Horse Head,1
Sandhill Crane,Yellow Rat Snake,1
Black Widow,Viuda,6
Snit,Herron,1
Snit,Sild,1
Merrit,Gold Line,1
Mugger,Marsh Crocodile,6
Mugger,Saltwater Crocodile,4
Inspector,Horse Head,1
Macadamia Nut,Lemon Peel,1
Georgia Pigtoe,Rough Hornsnail,1
Giant Ditch Frog,Mountain Chicken,1
Mountain Chicken,Alpine Newt,1
Giant Garter Snake,Giant Gartersnake,43
Giant Kokopu,Banded Kokopu,3
Banded Kokopu,Shortjaw Kokopu,1
Gold Barb,Pearl Gourami,1
Gold Barb,Tiger Barb,1
Pearl Gourami,Paradise fish ,1
Tiger Barb,Red Fin Shark,1
Golden mussel,Zebra Mussel,1
Zebra Mussel,Round Goby,4
Zebra Mussel,Rusty Crayfish,3
Salom,Pickled Herring,1
Blue Whale,Rémora,2
Rosy Barb,Paradise fish ,2
Pinkfish,Cherry Barb,1
Pinkfish,Pristella,1
Pinkfish,Cane Cutter,1
Goldspotted Eel,Goldspotted Snake Eel,1
Schoolmaster Snapper,Sheepshead Porgy,1
Great Crested Newt,Palmate Newt,8
Great Crested Newt,Smooth Newt,19
Great Crested Newt,Little Egret,1
Great Crested Newt,Peregrine Falcon,2
Great Crested Newt,Natterjack Toad,1
Great Crested Newt,Italian Crested Newt,2
Great Willowherb,Great Willow Herb,20
Great Willowherb,Fireweed,1
Greek Tortoise,Green Water Dragon,1
Green and Golden Bell Frog,Green and Golden Swamp Frog,1
Green Bush Rat Snake,Green Trinket Snake,1
Conner,Thompson's Tang,1
King Crab,Joefish,1
King Crab,She Crab,1
Green Dolphin,Red Dog,2
Red Dog,Orange dog,1
Hauhau,Raccoon Dog,1
Herning,Sky Lark,1
Herron,Murry,1
Herron,Snowy Egret,1
Herron,Great Tit,1
Murry,Mattie,2
Hooker's Sea Lion,New Zealand Sealion,2
New Zealand Sealion,New Zealand Sea Lion,9
Horse Head,Letter Opener,1
Horse Head,Red Panda,1
Horsfield's Tortoise,Central Asian Tortoise,1
Humboldt Squid,Jumbos,3
Humboldt Squid,Jumbo Flying Squid,12
Jumbos,Scup,4
Jumbos,Silver Sea Bream,1
Indian Flapshell Turtle,Indian Softshell Turtle,1
Indian Softshell Turtle,Marsh Crocodile,1
Indian Roofed Turtle,Indian Tent Turtle,1
Indian Tent Turtle,Brown Roofed Turtle,1
Japanese Seabream,Madai,1
Japanese Seabream,Japanese Sea Bream,3
Madai,Mandi,1
Madai,Japanese Snapper,1
Joefish,Roughtail Skate,1
Joefish,Doubleheader,1
Kete,Redbay,1
Kete,Lemon Peel,1
King Angelfish,Scissortail damselfish,1
Malabar Pit Viper,Nilgiri Tahr,1
Malabar Pit Viper,Malabar Giant Squirrel,1
Kitefin Shark,Southern Lanternshark,1
Knout Goby,Toad Goby,1
Komodo Monitor,Komodo Dragon,3
Konye,Cony,2
Lemon butterfly,Saddle wrasse,5
Lemon butterfly,Black Durgeon,2
Lemon butterfly,Longnose Butterfly Fish,1
Saddle wrasse,Orangespine Unicornfish,1
Lemonpeel Angelfish,Lemon Peel,1
Lemon Peel,Allspice,3
Lemon Peel,Wild Cherry,2
Lemon Peel,Spearmint,4
Lemon Peel,Grains of Paradise,4
Lemon Peel,Cayenne Pepper,1
Lemon Peel,Edelweiss,1
Edelweiss,Viceroy,1
Lemon tetra,Golden Mystery Snail,9
Limestone Salamander,California Newt,1
Lined Surgeonfish,Royal Angelfish,1
Little snook,Little Snook,9
Red Tailed Butterfly,Pakistani Butterflyfish,3
Longnose Butterfly Fish,Whitetip Reef Shark,32
Longnose Butterfly Fish,Blueline Snapper,1
Longnose Butterfly Fish,Trumpet fish ,3
Longnose Butterfly Fish,Yellowstripe goatfish,2
Longnose Butterfly Fish,Black Triggerfish,2
Whitetip Reef Shark,Rémora,1
Whitetip Reef Shark,Whitemargin Unicornfish,1
Trumpet fish ,Scissor Tailed Fusilier,2
Black Triggerfish,Orangespine Unicornfish,2
Long Snouted Lancetfish,Longsnouted Lancetfish,2
Mandi,Schelly,1
Matai,Water Chestnut,1
Matai,Merrin,1
Butter fish,Porbeagle,1
Butter fish,Sea Herring,2
Butternut,She Crab,1
Red Drum,Scup,1
Old Glory,Vermiform,1
Capitan,Scup,1
Silk Snapper,Scup,1
Cluck,Red Roman,2
Murray Cod,Silver perch,7
Maroon Clownfish,Saltwater Gar,1
Masked Angelfish,Masked Angel Fish,4
Masked Butter Flyfish,Masked Butterflyfish,1
Mattie,Fissi,1
Mayan Cichlid,Warmouth,1
Monkey Goby,Round Goby,1
Round Goby,Northern Madtom,1
Round Goby,Fresh Water Goby,1
Round Goby,Sea Lamprey,1
Montagu's Blenny,Shanny,1
Shanny,Tompot Blenny,1
Morelet's Crocodile,Belize Crocodile,1
Morelet's Crocodile,Tortuga Island Rattlesnake,1
Saltwater Crocodile,Philippine Crocodile,1
Saltwater Crocodile,Siamese Crocodile,1
Night Sergeant,Night sergeant,1
Cuban Crocodile,Siamese Crocodile,2
Northern Crested Newt,Caddo Madtom,3
Northern Puffer,Oyster Toadfish,1
Norway Lemming,Mountain Hare,1
Nosefish,Unicorn Fish,1
Unicorn Fish,Sleek Unicornfish,1
Unicorn Fish,Whitebar Surgeonfish,1
Unicorn Fish,Whitemargin Unicornfish,1
Ocean Surgeonfish,Yellow Fin Mojarra,1
Ocean Surgeonfish,Atlantic Bluet,1
Yellow Fin Mojarra,Doctor fish,1
Ocean Whitefish ,Ocean whitefish,7
Okinawa Goby,Yellow Goby,5
Olive Ridley,Fishing Cat,1
Olive Ridley,Zebra Shark,2
Olive Ridley,Painted Stork,1
Orangeband Surgeonfish,Orangeband Surgeonfish,28
Orange Clownfish,Red Clown,1
Orangespine Unicornfish,Red Soldierfish,2
Pacific Sleeper Shark,Pacific sleeper,11
Pa lai,Manora,7
Pancake Tortoise,Siamang,1
Pancake Tortoise,Bonobo,1
Bonobo,Red Herring,1
Paradise Flying Snake,Paradise Tree Snake,3
Pearl Essence,Bearberry,1
Pickled Herring,Sild,1
Pickled Herring,Red Herring,1
Pickled Herring,Wild Onion,1
Red Herring,Strawman,103
Red Herring,Sleepy Joe,1
Red Herring,Horse Chestnut,1
Red Herring,Redbait,3
Red Herring,Viceroy,1
Pollan,Protestant,1
Porbeagle,Salmon Shark,1
Porbeagle,Smooth Hammerhead,1
Porbeagle,Red Cod,1
Powan,Arctic Charr,1
Powder Blue Surgeonfish,Powderblue Surgeonfish,7
Protestant,Papala,1
Protestant,Gaur,1
Protestant,Kagu,1
Purple Lilliput,Brook Floater,1
Queen Mullet,Goat fish,1
Red-eyed Treefrog,Red-eyed Tree Frog,4
Red Big Eye,Red Bigeye,1
Red Octopus,Grey Whale,2
Red Roman,Dusky Kob,1
Red Saddleback Anemonefish,Saddle Anemonefish,1
Grizzly Bear,Sand goby,1
Rhino Rat Snake,Texas Horned Lizard,1
Saddle Back Clown,Saddleback Clownfish,3
Rusty Crayfish,Spinycheek Crayfish,1
Rémora,Shark Sucker,20
Rémora,Spiny Boxfish,1
Rémora,Spotted Porcupinefish,1
Rémora,Moon wrasse,1
Rémora,Tagua,1
Rémora,Washboard,1
Sacramento Sucker,Sacramento Perch,1
Sacramento Sucker,Tule Perch,1
Sacramento Sucker,Prickly Sculpin,2
Sand Crawler,Rainbow Perch,1
Sand Crawler,Seacow,1
Seacow,West Indian Manatee,6
Sandfish Skink,Sand fish,3
Sand fish,Sand Fish,132
Sand fish,Rainbow Lizard,1
Scarce Large Blue,Great Burnet,1
Scup,Summer Flounder,7
Sharknose Goby,Shark nose goby,1
Sichel,Ziege,2
Ziege,Alpine Ibex,1
Silver perch,Golden Perch,1
Panther Chameleon,Yemen Chameleon,3
Spectaclecase,Rayed Bean,1
Spiny Riversnail,Spiny River Snail,1
Spotted Butter Fish,Spotted Butterfish,1
Spotted Knifefish,Spotted knifefish,3
Spotted Snake Eel,Spotted snake eel,3
Starred Agama,Painted Dragon,1
Striped Newt,Spring Peeper,1
Stuttering Frog,Sphagnum Frog,1
Tailbar Cichlid,Blue Acara,1
Teardrop Butterfly Fish,Little Moray,2
Tench,Grey Heron,1
Tench,Doctor fish,1
Tench,Great Crested Grebe,1
Totoaba,Gulf Porpoise,4
Triangle Pigtoe,Phantom Cavesnail,1
Yemen Chameleon,Royal Python,1
Viceroy,Sauger,1
Viceroy,Barking Owl,1
Viceroy,Gulf Fritillary,2
Viceroy,Japanese Maple,1
Japanese Maple,Weeping Birch,1
Weeping Birch,Norway Maple,1
Weeping Birch,Downy Birch,1
West Indian Manatee,Amazonian Manatee,3
White lotus,Moonflower,1
White lotus,Suni,3
Yellow Fin Seabream,Yellowfin Sea Bream,1
Yellow Rat Snake,Eastern Rat Snake,6
Yellow Rat Snake,Pygmy Rattlesnake,1
Yellow Rat Snake,Brown Watersnake,1
Yellow Rat Snake,Chicken Snake,1
Yellow Sailfin Tang,Yellow sailfin tang,1
Yellow Sea Bream,Yellow Seabream,9
